<?xml version="1.0" encoding="UTF-8" standalone="yes"?>
<sst uniqueCount="160" count="160" xmlns="http://schemas.openxmlformats.org/spreadsheetml/2006/main"><si><t>Líner</t></si><si><t>Alça</t></si><si><t>A parte:</t></si><si><t>Data</t></si><si><t>Meta</t></si><si><t>Realizado</t></si><si><t>Saldo</t></si><si><t>Valor</t></si><si><t>Média:</t></si><si><t>Total com bonificação:</t></si><si><t>Meta: 160 (R$ 350,00)</t></si><si><t>Colaborador: Jaqueline Martins</t></si><si><t>Fundo</t></si><si><t>Meta: 280 (R$ 200,00)</t></si><si><t>Topo</t></si><si><t>Colaborador: Maria Biato</t></si><si><t>Meta: 250 (R$ 200,00)</t></si><si><t>Mesa de Dobra</t></si><si><t>Meta: 800 (R$ 150,00)</t></si><si><t>Acessório Fundo</t></si><si><t>Meta: 1500 (R$ 200,00)</t></si><si><t>Colaborador: Fabiola</t></si><si><t>Acessório Topo</t></si><si><t>Colaborador: Renata</t></si><si><t>Meta: 1300 (R$ 200,00)</t></si><si><t>Acessório Válvula</t></si><si><t>Colaborador: Vanderleia Nascimento</t></si><si><t>Acessório Flap</t></si><si><t>Colaborador: Elisete</t></si><si><t>Acessório Montagem  Fundo</t></si><si><t>Meta: 1900 (R$ 200,00)</t></si><si><t>Colaborador: Jaine</t></si><si><t>Produção - Prêmio</t></si><si><t>Colaborador: Daniel de Oliveira Zanela</t></si><si><t>Área: Carimbadeira</t></si><si><t>Dias trabalhados: 20</t></si><si><t>Observação</t></si><si><t>Média</t></si><si><t>Total</t></si><si><t>Valor a receber</t></si><si><t>R$1100,00 + R$200,00</t></si><si><t>Área: Corte de corpo</t></si><si><t>Dias trabalhados:</t></si><si><t>R$ 1000,00 + R$ 200,00</t></si><si><t>Área: Corte de Acessório</t></si><si><t>R$ 800,00 + R$ 200,00</t></si><si><t>Prensa</t></si><si><t>Diferença</t></si><si><t>Área: Líner</t></si><si><t>Colaborador: Adenilson</t></si><si><t xml:space="preserve">Dias trabalhados: </t></si><si><t xml:space="preserve">Colaborador: JAQUELINE TAVARES </t></si><si><t>Colaborador: EVA RIBEIRO</t></si><si><t xml:space="preserve">Colaborador: ROSANGELA G. NEVES </t></si><si><t xml:space="preserve">Colaborador: SANDRA MARA </t></si><si><t>Colaborador: ANE CAROLINE</t></si><si><t>Colaborador: ELISANGELA NASCIMENTO</t></si><si><t xml:space="preserve">Colaborador: HIGOR GABRIEL </t></si><si><t xml:space="preserve">Colaborador: LEOMAR </t></si><si><t xml:space="preserve">Colaborador: MARCOS </t></si><si><t xml:space="preserve">Colaborador: JOSE MARCOS </t></si><si><t xml:space="preserve">Colaborador: EZEQUIEL </t></si><si><t xml:space="preserve">Colaborador: INDIANARA APARECIDA DE LIMA </t></si><si><t>Colaborador: ANA CLAUDIA MONEGATO</t></si><si><t>Colaborador: CLAUDIA DA CRUZ</t></si><si><t xml:space="preserve">Colaborador: CLARICE FONSECA </t></si><si><t xml:space="preserve">Colaborador: ELIANE APARECIDA LOPES </t></si><si><t xml:space="preserve">Colaborador: ANA PAULA ABREU </t></si><si><t xml:space="preserve">Colaborador: ANDRESSA </t></si><si><t xml:space="preserve">Colaborador: ANA SILVIA </t></si><si><t>Área: Prensa</t></si><si><t>Colaborador: BEATRIZ VIVI</t></si><si><t xml:space="preserve">Colaborador: DANIELE KUSTER </t></si><si><t xml:space="preserve">Colaborador: Vanderleia ribas </t></si><si><t xml:space="preserve">Colaborador: NADIR </t></si><si><t>Colaborador: Dieniffer do Carmo Madureira</t></si><si><t>Colaborador: Fernanda Caetano de Oliveira</t></si><si><t>Colaborador: Renata de Souza</t></si><si><t xml:space="preserve">Colaborador: Talita da Silva Ferreira </t></si><si><t>Colaborador: Gabriel Fernandes da luz</t></si><si><t xml:space="preserve">Colaborador: JULIANO </t></si><si><t xml:space="preserve">Colaborador: ANDERSON </t></si><si><t xml:space="preserve">Colaborador: MATHEUS HENRIQUE </t></si><si><t xml:space="preserve">Colaborador: SILMARA DA APARECIDA </t></si><si><t xml:space="preserve">Colaborador: ELZA DA APARECIDA </t></si><si><t xml:space="preserve">Colaborador: JAQUELINE EZIDIO </t></si><si><t xml:space="preserve">Colaborador: ERICA </t></si><si><t xml:space="preserve">Alça Automatica </t></si><si><t xml:space="preserve">Colaborador: BRUNA </t></si><si><t xml:space="preserve">CORINGA </t></si><si><t>Colaborador: João Vitor Amadio</t></si><si><t xml:space="preserve">Colaborador: Juliane </t></si><si><t>Colaborador: GEAN PATRICK</t></si><si><t>Colaborador: JAIME DOS SANTOS</t></si><si><t xml:space="preserve">Colaborador: </t></si><si><t xml:space="preserve">Colaborador: YASMIN KAROLINE </t></si><si><t xml:space="preserve">Colaborador:  CLEBERSON </t></si><si><t xml:space="preserve">Colaborador: MARCIA G. VIANA </t></si><si><t xml:space="preserve">Colaborador: DERICH RUAN </t></si><si><t>Colaborador: MICHELE</t></si><si><t>Colaborador:  THAIS</t></si><si><t>Colaborador:  ROSELI</t></si><si><t xml:space="preserve">Colaborador: ELIANA </t></si><si><t xml:space="preserve">Colaborador: ADRIANA </t></si><si><t xml:space="preserve">Colaborador: ANA CAROLINA </t></si><si><t xml:space="preserve">Colaborador:DENIZE </t></si><si><t xml:space="preserve">Colaborador: KETLIN </t></si><si><t xml:space="preserve">Colaborador: LIDIA </t></si><si><t xml:space="preserve">Colaborador: LEIDIANE </t></si><si><t>Colaborador:</t></si><si><t>Área: Corte de ALÇA</t></si><si><t xml:space="preserve">Colaborador: Daniel </t></si><si><t xml:space="preserve">Colaborador: Ryan </t></si><si><t xml:space="preserve">Colaborador: Edilson </t></si><si><t xml:space="preserve">CORREDOR </t></si><si><t>Dias trabalhados: 22</t></si><si><t xml:space="preserve">FÉRIAS </t></si><si><t xml:space="preserve">15331 MEDIA </t></si><si><t>ok</t></si><si><t>Anderson</t></si><si><t>Marcia</t></si><si><t>Ryan</t></si><si><t>Edilson</t></si><si><t>Cleberson</t></si><si><t xml:space="preserve">ATESTADO </t></si><si><t>Adenilson</t></si><si><t>Adriana</t></si><si><t>Ana Carolina</t></si><si><t>Ane Tavares</t></si><si><t>Beatriz</t></si><si><t>Eliana</t></si><si><t>Elisangela</t></si><si><t>Elza</t></si><si><t>Erica</t></si><si><t>Eva</t></si><si><t>Jaqueline Tavares</t></si><si><t>Jaqueline Ezidio</t></si><si><t>Jaqueline Martins</t></si><si><t>Matheus</t></si><si><t>Rosangela</t></si><si><t>Sandra</t></si><si><t>Silmara</t></si><si><t>Denize</t></si><si><t>Dieniffer</t></si><si><t>Derich</t></si><si><t>Jaqueline</t></si><si><t>Lídia</t></si><si><t>Total Produzido</t></si><si><t>Nomes</t></si><si><t>férias</t></si><si><t>falta</t></si><si><t>treinamento</t></si><si><t>Ezequiel</t></si><si><t>Higor</t></si><si><t>Jose</t></si><si><t>Leidiane</t></si><si><t>Leomar</t></si><si><t>Marcos</t></si><si><t>Yasmin</t></si><si><t>Ana</t></si></sst>