<?xml version="1.0" encoding="UTF-8" standalone="yes"?>
<worksheet xmlns:r="http://schemas.openxmlformats.org/officeDocument/2006/relationships" xmlns="http://schemas.openxmlformats.org/spreadsheetml/2006/main"><dimension ref="A1:U29"/><sheetViews><sheetView workbookViewId="0" topLeftCell="A5" zoomScale="70"><selection activeCell="A25" sqref="A25:E27"/></sheetView></sheetViews><sheetFormatPr defaultRowHeight="15.0" defaultColWidth="10"/><cols><col min="6" max="6" customWidth="1" width="4.7109375" style="0"/><col min="7" max="7" customWidth="1" width="7.4257812" style="0"/><col min="8" max="8" customWidth="1" bestFit="1" width="13.5703125" style="0"/><col min="9" max="9" customWidth="1" width="4.140625" style="0"/><col min="11" max="11" customWidth="1" bestFit="1" width="24.425781" style="0"/><col min="12" max="12" customWidth="1" width="5.0" style="0"/><col min="14" max="14" customWidth="1" bestFit="1" width="24.0" style="0"/><col min="15" max="15" customWidth="1" width="4.7109375" style="0"/><col min="17" max="17" customWidth="1" bestFit="1" width="22.855469" style="0"/><col min="18" max="18" customWidth="1" width="4.4257812" style="0"/><col min="20" max="20" customWidth="1" bestFit="1" width="22.855469" style="0"/></cols><sheetData><row r="1" spans="8:8" ht="18.75"><c r="A1" s="1" t="s"><v>1</v></c><c r="B1" s="1"/><c r="C1" s="1"/><c r="D1" s="1"/><c r="E1" s="1"/><c r="G1" s="2" t="s"><v>48</v></c><c r="H1" s="2"/><c r="J1" s="3" t="s"><v>34</v></c><c r="K1" s="3"/><c r="M1" s="3" t="s"><v>41</v></c><c r="N1" s="3"/><c r="P1" s="3" t="s"><v>44</v></c><c r="Q1" s="3"/><c r="S1" s="3" t="s"><v>70</v></c><c r="T1" s="3"/></row><row r="2" spans="8:8"><c r="A2" s="4" t="s"><v>10</v></c><c r="B2" s="5"/><c r="C2" s="6"/><c r="D2" s="7" t="s"><v>2</v></c><c r="E2" s="8"><v>0.7</v></c><c r="G2" s="2"/><c r="H2" s="2"/><c r="J2" s="3"/><c r="K2" s="3"/><c r="M2" s="3"/><c r="N2" s="3"/><c r="P2" s="3"/><c r="Q2" s="3"/><c r="S2" s="3"/><c r="T2" s="3"/></row><row r="3" spans="8:8" ht="15.75"><c r="G3" s="2" t="s"><v>48</v></c><c r="H3" s="2"/><c r="J3" s="9" t="s"><v>4</v></c><c r="K3" s="9" t="s"><v>7</v></c><c r="M3" s="9" t="s"><v>4</v></c><c r="N3" s="9" t="s"><v>7</v></c><c r="P3" s="9" t="s"><v>4</v></c><c r="Q3" s="9" t="s"><v>7</v></c><c r="S3" s="9" t="s"><v>4</v></c><c r="T3" s="9" t="s"><v>7</v></c></row><row r="4" spans="8:8" ht="18.75"><c r="A4" s="1" t="s"><v>12</v></c><c r="B4" s="1"/><c r="C4" s="1"/><c r="D4" s="1"/><c r="E4" s="1"/><c r="G4" s="2"/><c r="H4" s="2"/><c r="J4" s="10"><v>2500.0</v></c><c r="K4" s="11"><v>200.0</v></c><c r="M4" s="10"><v>3000.0</v></c><c r="N4" s="12"><v>200.0</v></c><c r="P4" s="10"><v>3500.0</v></c><c r="Q4" s="12"><v>200.0</v></c><c r="S4" s="10"><v>2200.0</v></c><c r="T4" s="12"><v>200.0</v></c></row><row r="5" spans="8:8" ht="15.75"><c r="A5" s="4" t="s"><v>13</v></c><c r="B5" s="5"/><c r="C5" s="6"/><c r="D5" s="7" t="s"><v>2</v></c><c r="E5" s="8"><v>0.3</v></c><c r="G5" s="13" t="s"><v>4</v></c><c r="H5" s="13" t="s"><v>7</v></c><c r="J5" s="10"><v>2700.0</v></c><c r="K5" s="11"><v>250.0</v></c><c r="M5" s="10"><v>3500.0</v></c><c r="N5" s="12"><v>300.0</v></c><c r="P5" s="10"><v>3700.0</v></c><c r="Q5" s="12"><v>230.0</v></c><c r="S5" s="10"><v>2400.0</v></c><c r="T5" s="12"><v>250.0</v></c></row><row r="6" spans="8:8" ht="15.75"><c r="G6" s="14"><v>900.0</v></c><c r="H6" s="15"><v>200.0</v></c><c r="J6" s="10"><v>2900.0</v></c><c r="K6" s="11"><v>300.0</v></c><c r="M6" s="10"><v>4000.0</v></c><c r="N6" s="12"><v>400.0</v></c><c r="P6" s="10"><v>3900.0</v></c><c r="Q6" s="12"><v>260.0</v></c><c r="S6" s="10"><v>2600.0</v></c><c r="T6" s="12"><v>300.0</v></c></row><row r="7" spans="8:8" ht="18.75"><c r="A7" s="1" t="s"><v>14</v></c><c r="B7" s="1"/><c r="C7" s="1"/><c r="D7" s="1"/><c r="E7" s="1"/><c r="G7" s="16"><v>1000.0</v></c><c r="H7" s="17"><v>300.0</v></c><c r="J7" s="18"><v>3100.0</v></c><c r="K7" s="11"><v>350.0</v></c><c r="M7" s="10"><v>4500.0</v></c><c r="N7" s="12"><v>500.0</v></c><c r="P7" s="10"><v>4100.0</v></c><c r="Q7" s="12"><v>290.0</v></c><c r="S7" s="10"><v>2800.0</v></c><c r="T7" s="12"><v>350.0</v></c></row><row r="8" spans="8:8" ht="15.75"><c r="A8" s="4" t="s"><v>16</v></c><c r="B8" s="5"/><c r="C8" s="6"/><c r="D8" s="7" t="s"><v>2</v></c><c r="E8" s="8"><v>0.33</v></c><c r="G8" s="14"><v>1100.0</v></c><c r="H8" s="15"><v>400.0</v></c><c r="J8" s="10"><v>3300.0</v></c><c r="K8" s="11"><v>400.0</v></c><c r="M8" s="10"><v>5000.0</v></c><c r="N8" s="12"><v>600.0</v></c><c r="P8" s="10"><v>4300.0</v></c><c r="Q8" s="12"><v>320.0</v></c><c r="S8" s="10"><v>3000.0</v></c><c r="T8" s="12"><v>400.0</v></c></row><row r="9" spans="8:8" ht="15.75"><c r="G9" s="14"><v>1200.0</v></c><c r="H9" s="15"><v>450.0</v></c><c r="J9" s="10"><v>3500.0</v></c><c r="K9" s="11"><v>450.0</v></c><c r="M9" s="10"><v>5500.0</v></c><c r="N9" s="12"><v>700.0</v></c><c r="P9" s="10"><v>4500.0</v></c><c r="Q9" s="12"><v>350.0</v></c><c r="S9" s="10"><v>3200.0</v></c><c r="T9" s="12"><v>450.0</v></c></row><row r="10" spans="8:8" ht="18.75"><c r="A10" s="1" t="s"><v>19</v></c><c r="B10" s="1"/><c r="C10" s="1"/><c r="D10" s="1"/><c r="E10" s="1"/><c r="G10" s="14"><v>1300.0</v></c><c r="H10" s="15"><v>500.0</v></c><c r="J10" s="10"><v>3700.0</v></c><c r="K10" s="11"><v>500.0</v></c><c r="M10" s="10"><v>6000.0</v></c><c r="N10" s="12"><v>750.0</v></c><c r="P10" s="10"><v>4700.0</v></c><c r="Q10" s="12"><v>380.0</v></c><c r="S10" s="10"><v>3400.0</v></c><c r="T10" s="12"><v>500.0</v></c></row><row r="11" spans="8:8" ht="15.75"><c r="A11" s="4" t="s"><v>20</v></c><c r="B11" s="5"/><c r="C11" s="6"/><c r="D11" s="7" t="s"><v>2</v></c><c r="E11" s="8"><v>0.06</v></c><c r="G11" s="14"><v>1400.0</v></c><c r="H11" s="15"><v>550.0</v></c><c r="J11" s="10"><v>3900.0</v></c><c r="K11" s="11"><v>550.0</v></c><c r="M11" s="10"><v>6500.0</v></c><c r="N11" s="12"><v>800.0</v></c><c r="P11" s="10"><v>5000.0</v></c><c r="Q11" s="12"><v>410.0</v></c><c r="S11" s="10"><v>3600.0</v></c><c r="T11" s="12"><v>550.0</v></c></row><row r="12" spans="8:8" ht="15.75"><c r="G12" s="14"><v>1500.0</v></c><c r="H12" s="15"><v>650.0</v></c><c r="J12" s="10"><v>4100.0</v></c><c r="K12" s="11"><v>600.0</v></c><c r="M12" s="10"><v>7000.0</v></c><c r="N12" s="12"><v>850.0</v></c><c r="P12" s="10"><v>5200.0</v></c><c r="Q12" s="12"><v>440.0</v></c><c r="S12" s="10"><v>3800.0</v></c><c r="T12" s="12"><v>600.0</v></c></row><row r="13" spans="8:8" ht="18.75"><c r="A13" s="1" t="s"><v>22</v></c><c r="B13" s="1"/><c r="C13" s="1"/><c r="D13" s="1"/><c r="E13" s="1"/><c r="G13" s="14"><v>1600.0</v></c><c r="H13" s="19"><v>700.0</v></c><c r="J13" s="10"><v>4300.0</v></c><c r="K13" s="11"><v>650.0</v></c><c r="M13" s="10"><v>8000.0</v></c><c r="N13" s="12"><v>900.0</v></c><c r="P13" s="10"><v>5400.0</v></c><c r="Q13" s="12"><v>470.0</v></c><c r="S13" s="10"><v>4000.0</v></c><c r="T13" s="12"><v>650.0</v></c></row><row r="14" spans="8:8" ht="15.75"><c r="A14" s="4" t="s"><v>24</v></c><c r="B14" s="5"/><c r="C14" s="6"/><c r="D14" s="7" t="s"><v>2</v></c><c r="E14" s="8"><v>0.06</v></c><c r="G14" s="14"><v>1700.0</v></c><c r="H14" s="19"><v>750.0</v></c><c r="J14" s="10"><v>4500.0</v></c><c r="K14" s="11"><v>700.0</v></c><c r="M14" s="10"><v>9000.0</v></c><c r="N14" s="12"><v>950.0</v></c><c r="P14" s="10"><v>5600.0</v></c><c r="Q14" s="12"><v>500.0</v></c><c r="S14" s="10"><v>4500.0</v></c><c r="T14" s="12"><v>700.0</v></c></row><row r="15" spans="8:8" ht="15.75"><c r="G15" s="14"><v>1800.0</v></c><c r="H15" s="19"><v>800.0</v></c><c r="J15" s="18"><v>4700.0</v></c><c r="K15" s="20"><v>750.0</v></c><c r="M15" s="10"><v>10000.0</v></c><c r="N15" s="12"><v>1000.0</v></c><c r="P15" s="10"><v>5800.0</v></c><c r="Q15" s="12"><v>530.0</v></c><c r="S15" s="10"><v>5000.0</v></c><c r="T15" s="12"><v>750.0</v></c></row><row r="16" spans="8:8" ht="18.75"><c r="A16" s="1" t="s"><v>25</v></c><c r="B16" s="1"/><c r="C16" s="1"/><c r="D16" s="1"/><c r="E16" s="1"/><c r="G16" s="14"><v>1900.0</v></c><c r="H16" s="19"><v>850.0</v></c><c r="J16" s="10"><v>4900.0</v></c><c r="K16" s="11"><v>800.0</v></c><c r="M16" s="10"><v>12000.0</v></c><c r="N16" s="10" t="s"><v>43</v></c><c r="P16" s="10"><v>6000.0</v></c><c r="Q16" s="12"><v>560.0</v></c><c r="S16" s="10"><v>5500.0</v></c><c r="T16" s="12"><v>800.0</v></c></row><row r="17" spans="8:8" ht="15.75"><c r="A17" s="4" t="s"><v>20</v></c><c r="B17" s="5"/><c r="C17" s="6"/><c r="D17" s="7" t="s"><v>2</v></c><c r="E17" s="8"><v>0.04</v></c><c r="G17" s="14"><v>2000.0</v></c><c r="H17" s="19"><v>1000.0</v></c><c r="J17" s="10"><v>5100.0</v></c><c r="K17" s="11"><v>850.0</v></c><c r="P17" s="10"><v>6200.0</v></c><c r="Q17" s="12"><v>590.0</v></c><c r="S17" s="10"><v>6000.0</v></c><c r="T17" s="12"><v>850.0</v></c></row><row r="18" spans="8:8" ht="15.75"><c r="J18" s="10"><v>6000.0</v></c><c r="K18" s="12"><v>900.0</v></c><c r="P18" s="10"><v>6400.0</v></c><c r="Q18" s="12"><v>620.0</v></c><c r="S18" s="10"><v>6500.0</v></c><c r="T18" s="12"><v>900.0</v></c></row><row r="19" spans="8:8" ht="18.75"><c r="A19" s="1" t="s"><v>27</v></c><c r="B19" s="1"/><c r="C19" s="1"/><c r="D19" s="1"/><c r="E19" s="1"/><c r="J19" s="10"><v>6500.0</v></c><c r="K19" s="12"><v>950.0</v></c><c r="P19" s="10"><v>6600.0</v></c><c r="Q19" s="12"><v>650.0</v></c><c r="S19" s="10"><v>7000.0</v></c><c r="T19" s="12"><v>950.0</v></c></row><row r="20" spans="8:8" ht="15.75"><c r="A20" s="4" t="s"><v>20</v></c><c r="B20" s="5"/><c r="C20" s="6"/><c r="D20" s="7" t="s"><v>2</v></c><c r="E20" s="8"><v>0.04</v></c><c r="J20" s="10"><v>7000.0</v></c><c r="K20" s="12"><v>1000.0</v></c><c r="P20" s="10"><v>6800.0</v></c><c r="Q20" s="12"><v>700.0</v></c><c r="S20" s="10"><v>7500.0</v></c><c r="T20" s="12"><v>1000.0</v></c></row><row r="21" spans="8:8" ht="15.75"><c r="J21" s="10"><v>8000.0</v></c><c r="K21" s="12" t="s"><v>40</v></c><c r="P21" s="10"><v>7000.0</v></c><c r="Q21" s="10" t="s"><v>45</v></c></row><row r="22" spans="8:8" ht="18.75"><c r="A22" s="1" t="s"><v>17</v></c><c r="B22" s="1"/><c r="C22" s="1"/><c r="D22" s="1"/><c r="E22" s="1"/><c r="P22" s="21"/><c r="Q22" s="21"/></row><row r="23" spans="8:8"><c r="A23" s="4" t="s"><v>18</v></c><c r="B23" s="5"/><c r="C23" s="6"/><c r="D23" s="7" t="s"><v>2</v></c><c r="E23" s="8"><v>0.08</v></c></row><row r="25" spans="8:8" ht="18.75"><c r="A25" s="1" t="s"><v>29</v></c><c r="B25" s="1"/><c r="C25" s="1"/><c r="D25" s="1"/><c r="E25" s="1"/></row><row r="26" spans="8:8"><c r="A26" s="4" t="s"><v>30</v></c><c r="B26" s="5"/><c r="C26" s="6"/><c r="D26" s="7" t="s"><v>2</v></c><c r="E26" s="8"><v>0.03</v></c></row><row r="28" spans="8:8" ht="18.75"><c r="A28" s="1" t="s"><v>29</v></c><c r="B28" s="1"/><c r="C28" s="1"/><c r="D28" s="1"/><c r="E28" s="1"/></row><row r="29" spans="8:8"><c r="A29" s="4" t="s"><v>30</v></c><c r="B29" s="5"/><c r="C29" s="6"/><c r="D29" s="7" t="s"><v>2</v></c><c r="E29" s="8"><v>0.03</v></c></row></sheetData><mergeCells count="26"><mergeCell ref="A5:C5"/><mergeCell ref="P1:Q2"/><mergeCell ref="A17:C17"/><mergeCell ref="A25:E25"/><mergeCell ref="A29:C29"/><mergeCell ref="A13:E13"/><mergeCell ref="A14:C14"/><mergeCell ref="A16:E16"/><mergeCell ref="A8:C8"/><mergeCell ref="A10:E10"/><mergeCell ref="A28:E28"/><mergeCell ref="A19:E19"/><mergeCell ref="A20:C20"/><mergeCell ref="A23:C23"/><mergeCell ref="A22:E22"/><mergeCell ref="A26:C26"/><mergeCell ref="A11:C11"/><mergeCell ref="A7:E7"/><mergeCell ref="S1:T2"/><mergeCell ref="A4:E4"/><mergeCell ref="A1:E1"/><mergeCell ref="G3:H4"/><mergeCell ref="G1:H2"/><mergeCell ref="M1:N2"/><mergeCell ref="J1:K2"/><mergeCell ref="A2:C2"/></mergeCells><pageMargins left="0.511811024" right="0.511811024" top="0.787401575" bottom="0.787401575" header="0.31496062" footer="0.31496062"/></worksheet>