<?xml version="1.0" encoding="UTF-8" standalone="yes"?>
<workbook xmlns:r="http://schemas.openxmlformats.org/officeDocument/2006/relationships" xmlns="http://schemas.openxmlformats.org/spreadsheetml/2006/main"><fileVersion appName="xl" lastEdited="7" lowestEdited="7" rupBuild="28827"/><workbookPr defaultThemeVersion="153222"/><bookViews><workbookView xWindow="-120" yWindow="-120" windowWidth="20730" windowHeight="11160" activeTab="1"/></bookViews><sheets><sheet name="Metas" sheetId="1" r:id="rId1"/><sheet name="Alça " sheetId="2" r:id="rId2"/><sheet name="Fundo " sheetId="3" r:id="rId3"/><sheet name="fechamento" sheetId="4" r:id="rId4"/><sheet name="Topo " sheetId="5" r:id="rId5"/><sheet name="Acessório " sheetId="6" r:id="rId6"/><sheet name="Líner " sheetId="7" r:id="rId7"/><sheet name="Mesa " sheetId="8" r:id="rId8"/><sheet name="Corte-Carimbadeira" sheetId="9" r:id="rId9"/><sheet name="Geral" sheetId="10" r:id="rId10"/><sheet name="Planilha2" sheetId="11" r:id="rId11"/></sheets><calcPr calcId="191029"/><extLst><ext uri="{140A7094-0E35-4892-8432-C4D2E57EDEB5}" xmlns:x15="http://schemas.microsoft.com/office/spreadsheetml/2010/11/main"><x15:workbookPr chartTrackingRefBase="1"/></ext></extLst></workbook>